hash	path
05bbaa92c38a756b	webview_x64/locales/te.pak
0b5897a21fd6b3a8	webview_x64/locales/hi.pak
0cad0decc1f3677c	webview_x64/locales/it.pak
1007eb54a2412b31	webview_x64/libcef.dll
1828d82417a15c48	webview_x64/locales/ru.pak
184e6218c0d60e15	webview_x64/locales/ja.pak
1f2b87705baa3f06	webview_x64/locales/pt-BR.pak
217233e71be5236d	webview_x64/locales/ms.pak
23d23183501ff8f6	webview_x64/d3dcompiler_47.dll
23ddc99926ff6c8d	webview_x64/locales/en-US.pak
2440aa6f24930550	webview_x64/locales/gu.pak
31ef8b606fb5c402	webview_x64/locales/fil.pak
354e135e0ba47b0f	webview_x64/chrome_200_percent.pak
3a6d0bae1ae3e6d1	webview_x64/locales/hu.pak
3abfc963acda245b	webview_x64/vk_swiftshader.dll
41c5e9142ad8b28b	webview_x64/locales/vi.pak
424f2c2d0877adf3	webview_x64/locales/fr.pak
43b667711948b115	webview_x64/locales/cs.pak
45fb9ae01548c661	webview_x64/locales/ml.pak
4f3231a974f96348	webview_x64/locales/lt.pak
4f4110bee821f33b	webview_x64/vk_swiftshader_icd.json
5c27fc1f2cf8927f	webview_x64/locales/nl.pak
6094e59b752622d3	KernelDumpAnalyzer.exe
62901c603b9b75a4	webview_x64/locales/sr.pak
6539910bfbc72e67	webview_x64/libGLESv2.dll
6752d290ab488642	webview_x64/webview.dll
6abe291686658a37	webview_x64/locales/en-GB.pak
6ea7eeab15e54b58	webview_x64/locales/hr.pak
700f29ef0d90a6f7	webview_x64/locales/es.pak
72419864c07f3f98	webview_x64/locales/sv.pak
73e5d9b2aa85ad01	webview_x64/resources.pak
7530d4a4b87a2651	webview_x64/vulkan-1.dll
762944cfd44e1f75	webview_x64/chrome_elf.dll
78bc7d9fcc23a5b9	webview_x64/locales/tr.pak
7a19b45d7c283034	DirectX/x64/d3dcompiler_47.dll
7d17b95f3fca0c16	webview_x64/locales/ca.pak
7fd36aed0adf7e10	webview_x64/locales/am.pak
8040c4dac862bb54	webview_x64/libEGL.dll
809e9e1e10d96509	webview_x64/locales/ro.pak
8719835938a470a3	webview_x64/locales/sk.pak
8880be9d3a6ae257	webview_x64/locales/pl.pak
897f82c3347eee4f	webview_x64/tlbbhost.exe
8ee8dede28790e06	webview_x64/locales/ur.pak
93441a9e13abb963	webview_x64/locales/da.pak
949890e877e0d273	webview_x64/locales/el.pak
97e0748b2b3173b5	webview_x64/v8_context_snapshot.bin
9815dbfef3a147ca	webview_x64/locales/es-419.pak
9c154ff9ac18925c	webview_x64/locales/zh-TW.pak
a17b96642bbe27fc	webview_x64/locales/kn.pak
a1e3feb4ac799cb3	tmg_x64/txsoundtouch.dll
a2f596a22cfe1773	webview_x64/locales/de.pak
a45cd1e60de49705	webview_x64/locales/af.pak
a49d5d290817bad6	tmg_x64/txffmpeg.dll
b37245d7241d6800	webview_x64/locales/uk.pak
b3fb88f00dffdcdd	webview_x64/locales/et.pak
b4ec46151af513c1	webview_x64/locales/nb.pak
b62df765c011a468	webview_x64/locales/sw.pak
bf9cdd1c0f796d7e	webview_x64/locales/fa.pak
bfd383c1b5269986	webview_x64/locales/zh-CN.pak
c2ccc51ac3c166af	NEP2_64.dll
cb05e25a38b371de	webview_x64/locales/sl.pak
cde71ddc11e0a82d	webview_x64/locales/id.pak
cecbad38614363f4	tlbbgl_x64.exe
d0ea308d1049972d	tmg_x64/TMGLibrary.dll
d180c795cc7713ba	webview_x64/locales/th.pak
d37145f2762bf042	webview_x64/locales/ar.pak
d44394f2b0384b7e	webview_x64/snapshot_blob.bin
d70aefab74dd2375	webview_x64/locales/lv.pak
d9ec2b2d128db0b4	webview_x64/locales/bn.pak
dd7196e4562a0fe3	webview_x64/locales/pt-PT.pak
dd85d4e61bc9c674	webview_x64/locales/mr.pak
ddfd3a496b24e8d0	webview_x64/icudtl.dat
deffd52470a4056b	webview_x64/locales/fi.pak
e48666ddef1d2198	webview_x64/chrome_100_percent.pak
e567f5652946db68	webview_x64/locales/ko.pak
f60a2e8ec3c30827	webview_x64/locales/ta.pak
f8d52bbb52c53e21	tmg_x64/GMESDK.dll
fba71b9e2bdc4de2	webview_x64/locales/he.pak
fe75922676269bbb	webview_x64/locales/bg.pak