sample,grid_index,name,r00,r01,r02,r10,r11,r12,r20,r21,r22,sx,sy,sz,symmetric,uniform
grid_749.scene,0,"w1351_cj_caodui_001.mesh",-0.648318,0,0.123626,0,0.66,0,-0.123626,0,-0.648318,0.66,0.66,0.66,0,1
grid_749.scene,1,"w1351_cj_caodui_002.mesh",-0.670267,0,-1.001383,0,1.205,0,1.001383,0,-0.670267,1.205,1.205,1.205,0,1
grid_749.scene,2,"w1351_cj_caodui_002.mesh",-0.495798,0,-1.098276,0,1.205,0,1.098276,0,-0.495798,1.205,1.205,1.205,0,1
grid_749.scene,3,"w1351_cj_caodui_002.mesh",0.732785,0,-0.956583,0,1.205,0,0.956583,0,0.732785,1.205,1.205,1.205,0,1
grid_749.scene,4,"w1351_cj_caodui_002.mesh",-0.495798,0,-1.098276,0,1.205,0,1.098276,0,-0.495798,1.205,1.205,1.205,0,1
grid_749.scene,5,"w1351_cj_caodui_002.mesh",0.732785,0,-0.956583,0,1.205,0,0.956583,0,0.732785,1.205,1.205,1.205,0,1
grid_749.scene,6,"w1351_cj_caodui_002.mesh",-0.670267,0,-1.001383,0,1.205,0,1.001383,0,-0.670267,1.205,1.205,1.205,0,1
grid_749.scene,7,"w1351_cj_caodui_003.mesh",-0.347999,0,0.937495,0,1,0,-0.937495,0,-0.347999,1,1,1,0,1
grid_749.scene,8,"w1351_cj_caodui_003.mesh",-0.347999,0,0.937495,0,1,0,-0.937495,0,-0.347999,1,1,1,0,1
grid_749.scene,9,"w1351_cj_caodui_003.mesh",-0.347999,0,0.937495,0,1,0,-0.937495,0,-0.347999,1,1,1,0,1
grid_749.scene,10,"w1351_st_fwdan_001.mesh",1,0,0,0,1,0,0,0,1,1,1,1,0,1
grid_749.scene,11,"w1351_st_jiashan_001.mesh",0.796389,0,-0.144504,0,0.5,0,0.289863,0,0.39702,0.8094,0.5,0.4916,0,0
grid_749.scene,12,"w1351_st_jiashandui_001.mesh",0.203982,0,-0.047537,0,0.2,0,0.049914,0,0.194268,0.2094,0.2,0.2006,0,0
grid_749.scene,13,"w1351_st_xiaoshitoubian_001.mesh",-0.076255,0,0.997088,0,1,0,-0.997088,0,-0.076255,1,1,1,0,1
grid_749.scene,14,"w1351_st_xiaoshitoubian_001.mesh",0.57895,0,0.815363,0,1,0,-0.815363,0,0.57895,1,1,1,0,1
grid_749.scene,15,"w1351_st_xiaoshitoubian_001.mesh",-0.281889,0,0.959447,0,1,0,-0.959447,0,-0.281889,1,1,1,0,1
grid_749.scene,16,"w1351_st_xiaoshitoubian_001.mesh",-0.076255,0,0.997088,0,1,0,-0.997088,0,-0.076255,1,1,1,0,1
grid_749.scene,17,"w1351_st_xiaoshitoubian_001.mesh",-0.076255,0,0.997088,0,1,0,-0.997088,0,-0.076255,1,1,1,0,1
grid_749.scene,18,"w1351_st_xiaoshitoubian_001.mesh",-0.486686,0,0.873577,0,1,0,-0.873577,0,-0.486686,1,1,1,0,1
grid_749.scene,19,"w1351_st_xiaoshitoubian_001.mesh",0.128392,0,0.991723,0,1,0,-0.991723,0,0.128392,1,1,1,0,1
grid_749.scene,20,"w1351_st_zhuzisan_001.mesh",0.475127,0,-0.8313,0,0.957499,0,0.8313,0,0.475127,0.9575,0.9575,0.9575,0,1
grid_749.scene,21,"w1351_st_zhuzisan_001.mesh",0.892979,0,-0.450098,0,1,0,0.450098,0,0.892979,1,1,1,0,1
grid_749.scene,22,"w1351_st_zhuzisan_001.mesh",0.909483,0,0.409692,0,0.9975,0,-0.409692,0,0.909483,0.9975,0.9975,0.9975,0,1
grid_749.scene,23,"w1351_st_zhuzisan_001.mesh",0.890746,0,-0.448973,0,0.9975,0,0.448973,0,0.890746,0.9975,0.9975,0.9975,0,1
grid_749.scene,24,"w1351_st_zhuzisan_001.mesh",0.892979,0,-0.450098,0,1,0,0.450098,0,0.892979,1,1,1,0,1
grid_749.scene,25,"w1351_st_zhuzisan_001.mesh",0.056693,0,-0.998392,0,1,0,0.998392,0,0.056693,1,1,1,0,1
grid_753_full.scene,0,"w1351_ly_shidiaoma_001.mesh",0.000114,0,0.6525,0,0.6525,0,-0.6525,0,0.000114,0.6525,0.6525,0.6525,0,1
grid_753_full.scene,1,"w1351_bpzd_tudi_001.mesh",-0.000175,0,-1,0,1,0,1,0,-0.000175,1,1,1,0,1
grid_753_full.scene,2,"w1351_bpzd_tudi_001.mesh",-0.000175,0,-1,0,1,0,1,0,-0.000175,1,1,1,0,1
grid_753_full.scene,3,"w1351_bpzd_tudi_001.mesh",-0.000175,0,-1,0,1,0,1,0,-0.000175,1,1,1,0,1
grid_753_full.scene,4,"w1351_bpzd_tudi_001.mesh",-0.000175,0,-1,0,1,0,1,0,-0.000175,1,1,1,0,1
grid_753_full.scene,5,"w1351_bpzd_tudi_001.mesh",-0.000175,0,-1,0,1,0,1,0,-0.000175,1,1,1,0,1
grid_753_full.scene,6,"w1351_bpzd_tudi_001.mesh",-0.000175,0,-1,0,1,0,1,0,-0.000175,1,1,1,0,1
grid_753_full.scene,7,"w1351_bpzd_tudi_001.mesh",-0.000175,0,-1,0,1,0,1,0,-0.000175,1,1,1,0,1
grid_753_full.scene,8,"w1351_bpzd_tudi_001.mesh",-0.000175,0,-1,0,1,0,1,0,-0.000175,1,1,1,0,1
grid_753_full.scene,9,"w1351_cs_fwshengkan_001.mesh",-1,0,0,0,1,0,0,0,-1,1,1,1,0,1
grid_753_full.scene,10,"w1351_ly_caihua_001.mesh",0.031186,0,-0.649251,0,0.65,0,0.649251,0,0.031186,0.65,0.65,0.65,0,1
grid_753_full.scene,11,"w1351_ly_caihua_001.mesh",0.14898,0,-0.632697,0,0.65,0,0.632697,0,0.14898,0.65,0.65,0.65,0,1
grid_753_full.scene,12,"w1351_ly_caihua_001.mesh",0.101682,0,-0.641997,0,0.65,0,0.641997,0,0.101682,0.65,0.65,0.65,0,1
grid_753_full.scene,13,"w1351_ly_caihua_001.mesh",-0.465596,0,0.453564,0,0.65,0,-0.453564,0,-0.465596,0.65,0.65,0.65,0,1
grid_753_full.scene,14,"w1351_ly_caihua_001.mesh",0.624961,-0.060177,-0.168232,0.0623,0.647008,0,0.167458,-0.016124,0.627852,0.65,0.65,0.65,0,1
grid_753_full.scene,15,"w1351_ly_caihua_001.mesh",0.073243,-0.007053,0.645822,0.0623,0.647008,0,-0.642848,0.061899,0.073582,0.65,0.65,0.65,0,1
grid_753_full.scene,16,"w1351_ly_caihua_001.mesh",0.073243,-0.007053,0.645822,0.0623,0.647008,0,-0.642848,0.061899,0.073582,0.65,0.65,0.65,0,1
grid_753_full.scene,17,"w1351_ly_caihua_001.mesh",0.619556,-0.059656,0.187328,0.0623,0.647008,0,-0.186465,0.017955,0.622421,0.65,0.65,0.65,0,1
grid_753_full.scene,18,"w1351_ly_caihua_001.mesh",-0.197249,0.018993,-0.619057,0.0623,0.647008,0,0.616207,-0.059334,-0.198162,0.65,0.65,0.65,0,1
grid_753_full.scene,19,"w1351_ly_caihua_001.mesh",-0.197249,0.018993,-0.619057,0.0623,0.647008,0,0.616207,-0.059334,-0.198162,0.65,0.65,0.65,0,1
grid_753_full.scene,20,"w1351_miaoj_qigan_001.mesh",1,0,0,0,1,0,0,0,1,1,1,1,0,1
grid_753_full.scene,21,"w1351_miaoj_qigan_001.mesh",1,0,0,0,1,0,0,0,1,1,1,1,0,1
grid_753_full.scene,22,"w1351_shgz_denglonghongfu_001.mesh",0.810553,0,-0.585665,0,1,0,0.585665,0,0.810553,1,1,1,0,1
grid_753_full.scene,23,"w1351_shgz_denglonghongfu_001.mesh",0.810553,0,-0.585665,0,1,0,0.585665,0,0.810553,1,1,1,0,1
grid_753_full.scene,24,"w1351_sz_changqingshugao_001.mesh",0.417501,0,0,0,0.417501,0,0,0,0.417501,0.4175,0.4175,0.4175,0,1
grid_753_full.scene,25,"",1,0,0,0,1,0,0,0,1,1,1,1,0,1
grid_753_with_tail.scene,0,"w1351_fbgf_pingfengzheng_001.mesh",-0.000175,0,-1,0,1,0,1,0,-0.000175,1,1,1,0,1
grid_753_with_tail.scene,1,"w1351_jiehun_chuanglian_002.mesh",-0.000001,0,1,0,1,0,-10.500001,0,0,1,1,10.5,0,0
grid_753_with_tail.scene,2,"w1351_jiehun_chujihongditan_001.mesh",-0.85,0,0,0,1,0,0,0,-1,0.85,1,1,0,0
grid_753_with_tail.scene,3,"w1351_jiehun_chujihonghua_002.mesh",-0.000148,0,-0.845001,0,0.845001,0,0.845001,0,-0.000148,0.845,0.845,0.845,0,1
grid_753_with_tail.scene,4,"w1351_jiehun_chujihonghua_002.mesh",-0.000148,0,-0.845001,0,0.845001,0,0.845001,0,-0.000148,0.845,0.845,0.845,0,1
grid_753_with_tail.scene,5,"w1351_jiehun_chujihonghua_002.mesh",-0.000148,0,-0.845001,0,0.845001,0,0.845001,0,-0.000148,0.845,0.845,0.845,0,1
grid_753_with_tail.scene,6,"w1351_jiehun_chujihonghua_002.mesh",-0.000148,0,-0.845001,0,0.845001,0,0.845001,0,-0.000148,0.845,0.845,0.845,0,1
grid_753_with_tail.scene,7,"w1351_jiehun_chujihonghua_002.mesh",-0.000148,0,-0.845001,0,0.845001,0,0.845001,0,-0.000148,0.845,0.845,0.845,0,1
grid_753_with_tail.scene,8,"w1351_jiehun_chujihonghua_002.mesh",-0.000148,0,-0.845001,0,0.845001,0,0.845001,0,-0.000148,0.845,0.845,0.845,0,1
grid_753_with_tail.scene,9,"w1351_jiehun_chujihonghua_002.mesh",-0.000148,0,-0.845001,0,0.845001,0,0.845001,0,-0.000148,0.845,0.845,0.845,0,1
grid_753_with_tail.scene,10,"w1351_jiehun_chujihonghua_002.mesh",-0.000148,0,-0.845001,0,0.845001,0,0.845001,0,-0.000148,0.845,0.845,0.845,0,1
grid_753_with_tail.scene,11,"w1351_jiehun_chujihonghua_002.mesh",-0.000148,0,-0.845001,0,0.845001,0,0.845001,0,-0.000148,0.845,0.845,0.845,0,1
grid_753_with_tail.scene,12,"w1351_jiehun_chujihonghua_002.mesh",-0.000148,0,-0.845001,0,0.845001,0,0.845001,0,-0.000148,0.845,0.845,0.845,0,1
grid_753_with_tail.scene,13,"w1351_jiehun_chujihonghua_002.mesh",-0.000148,0,-0.845001,0,0.845001,0,0.845001,0,-0.000148,0.845,0.845,0.845,0,1
grid_753_with_tail.scene,14,"w1351_jiehun_chujihonghua_002.mesh",-0.000148,0,-0.845001,0,0.845001,0,0.845001,0,-0.000148,0.845,0.845,0.845,0,1
grid_753_with_tail.scene,15,"w1351_jiehun_chujihonghua_002.mesh",-0.000148,0,-0.845001,0,0.845001,0,0.845001,0,-0.000148,0.845,0.845,0.845,0,1
grid_753_with_tail.scene,16,"w1351_jiehun_chujihonghua_002.mesh",-0.000148,0,-0.845001,0,0.845001,0,0.845001,0,-0.000148,0.845,0.845,0.845,0,1
grid_753_with_tail.scene,17,"w1351_jiehun_chujihonghua_002.mesh",-0.000148,0,-0.845001,0,0.845001,0,0.845001,0,-0.000148,0.845,0.845,0.845,0,1
grid_753_with_tail.scene,18,"w1351_jiehun_chujihonghua_002.mesh",-0.000148,0,-0.845001,0,0.845001,0,0.845001,0,-0.000148,0.845,0.845,0.845,0,1
grid_753_with_tail.scene,19,"w1351_jiehun_chujihonghua_002.mesh",-0.000148,0,-0.845001,0,0.845001,0,0.845001,0,-0.000148,0.845,0.845,0.845,0,1
grid_753_with_tail.scene,20,"w1351_jiehun_chujihonghua_003.mesh",-0.000175,0,-0.852501,0,0.852501,0,1,0,-0.000149,0.8525,0.8525,1,0,0
grid_753_with_tail.scene,21,"w1351_jiehun_chujihonghua_003.mesh",-0.000175,0,-0.852501,0,0.852501,0,1,0,-0.000149,0.8525,0.8525,1,0,0
grid_753_with_tail.scene,22,"w1351_jiehun_chujihonghua_003.mesh",-0.000175,0,-0.852501,0,0.852501,0,1,0,-0.000149,0.8525,0.8525,1,0,0
grid_753_with_tail.scene,23,"w1351_jiehun_chujihonghua_003.mesh",-0.000175,0,-0.852501,0,0.852501,0,1,0,-0.000149,0.8525,0.8525,1,0,0
grid_753_with_tail.scene,24,"w1351_jiehun_chujihonghua_003.mesh",-0.000175,0,-0.852501,0,0.852501,0,1,0,-0.000149,0.8525,0.8525,1,0,0
grid_753_with_tail.scene,25,"w1351_jiehun_chujihonghua_003.mesh",-0.000175,0,-0.852501,0,0.852501,0,1,0,-0.000149,0.8525,0.8525,1,0,0
grid_753_with_tail.scene,26,"w1351_jiehun_chujihonghua_003.mesh",-0.000175,0,-0.852501,0,0.852501,0,1,0,-0.000149,0.8525,0.8525,1,0,0
grid_753_with_tail.scene,27,"w1351_jiehun_chujihonghua_003.mesh",-0.000175,0,-0.852501,0,0.852501,0,1,0,-0.000149,0.8525,0.8525,1,0,0
grid_753_with_tail.scene,28,"w1351_jiehun_chujihonghua_003.mesh",-0.000175,0,-0.852501,0,0.852501,0,1,0,-0.000149,0.8525,0.8525,1,0,0
grid_753_with_tail.scene,29,"w1351_jiehun_chujihonghua_003.mesh",-0.000175,0,-0.852501,0,0.852501,0,1,0,-0.000149,0.8525,0.8525,1,0,0
grid_753_with_tail.scene,30,"w1351_jiehun_chujihonghua_003.mesh",-0.000175,0,-0.852501,0,0.852501,0,1,0,-0.000149,0.8525,0.8525,1,0,0
grid_753_with_tail.scene,31,"w1351_jiehun_chujihonghua_003.mesh",-0.000175,0,-0.852501,0,0.852501,0,1,0,-0.000149,0.8525,0.8525,1,0,0
grid_753_with_tail.scene,32,"w1351_jiehun_dazhuzi_001.mesh",1,0,0,0,1.15,0,0,0,1,1,1.15,1,0,0
grid_753_with_tail.scene,33,"w1351_jiehun_dazhuzi_001.mesh",1,0,0,0,1.15,0,0,0,1,1,1.15,1,0,0
grid_753_with_tail.scene,34,"w1351_jiehun_dazhuzi_002.mesh",0.847501,0,0,0,1.15,0,0,0,0.847501,0.8475,1.15,0.8475,0,0
grid_753_with_tail.scene,35,"w1351_jiehun_dazhuzi_002.mesh",0.847501,0,0,0,1.15,0,0,0,0.847501,0.8475,1.15,0.8475,0,0
grid_753_with_tail.scene,36,"w1351_jiehun_glangan_001.mesh",0.000235,0,1.3475,0,1.3475,0,-1.35,0,0.000235,1.3475,1.3475,1.35,0,0
grid_753_with_tail.scene,37,"w1351_jiehun_glangan_001.mesh",-0.000236,0,-1.3475,0,1.3475,0,1.35,0,-0.000235,1.3475,1.3475,1.35,0,0
grid_753_with_tail.scene,38,"w1351_jiehun_glangan_001.mesh",0.000253,0,1.3475,0,1.3475,0,-1.45,0,0.000235,1.3475,1.3475,1.45,0,0
grid_753_with_tail.scene,39,"w1351_jiehun_glangan_001.mesh",0.000253,0,1.3475,0,1.3475,0,-1.45,0,0.000235,1.3475,1.3475,1.45,0,0
grid_753_with_tail.scene,40,"w1351_jiehun_glangan_001.mesh",1.3475,0,0,0,1.3475,0,0,0,1.3475,1.3475,1.3475,1.3475,0,1
grid_753_with_tail.scene,41,"w1351_jiehun_glangan_001.mesh",1.3475,0,0,0,1.3475,0,0,0,1.3475,1.3475,1.3475,1.3475,0,1
grid_753_with_tail.scene,42,"w1351_jiehun_glangan_001.mesh",0.000253,0,1.3475,0,1.3475,0,-1.45,0,0.000235,1.3475,1.3475,1.45,0,0
grid_753_with_tail.scene,43,"w1351_jiehun_glangan_001.mesh",0.000235,0,1.3475,0,1.3475,0,-1.3475,0,0.000235,1.3475,1.3475,1.3475,0,1
grid_753_with_tail.scene,44,"w1351_jiehun_glangan_001.mesh",0.000235,0,1.3475,0,1.3475,0,-1.3475,0,0.000235,1.3475,1.3475,1.3475,0,1
grid_753_with_tail.scene,45,"w1351_jiehun_glangan_001.mesh",0.000235,0,1.3475,0,1.3475,0,-1.3475,0,0.000235,1.3475,1.3475,1.3475,0,1
grid_753_with_tail.scene,46,"w1351_jiehun_glangan_001.mesh",0.000235,0,1.3475,0,1.3475,0,-1.3475,0,0.000235,1.3475,1.3475,1.3475,0,1
grid_753_with_tail.scene,47,"w1351_jiehun_glangan_002.mesh",0.000235,0,1.35,0,1.35,0,-1.35,0,0.000235,1.35,1.35,1.35,0,1
grid_753_with_tail.scene,48,"w1351_jiehun_glangan_002.mesh",0.000235,0,1.35,0,1.35,0,-1.35,0,0.000235,1.35,1.35,1.35,0,1
grid_753_with_tail.scene,49,"w1351_jiehun_glangan_002.mesh",0.000235,0,1.35,0,1.35,0,-1.35,0,0.000235,1.35,1.35,1.35,0,1
grid_753_with_tail.scene,50,"w1351_jiehun_glangan_002.mesh",0.000235,0,1.35,0,1.35,0,-1.35,0,0.000235,1.35,1.35,1.35,0,1
grid_753_with_tail.scene,51,"w1351_jiehun_glangan_002.mesh",0.000235,0,1.35,0,1.35,0,-1.35,0,0.000235,1.35,1.35,1.35,0,1
grid_753_with_tail.scene,52,"w1351_jiehun_glangan_002.mesh",0.000235,0,1.35,0,1.35,0,-1.35,0,0.000235,1.35,1.35,1.35,0,1
grid_753_with_tail.scene,53,"w1351_jiehun_glangan_002.mesh",1.35,0,0,0,1.35,0,0,0,1.35,1.35,1.35,1.35,0,1
grid_753_with_tail.scene,54,"w1351_jiehun_glangan_002.mesh",1.35,0,0,0,1.35,0,0,0,1.35,1.35,1.35,1.35,0,1
grid_753_with_tail.scene,55,"w1351_jiehun_glangan_002.mesh",-0.000236,0,-1.35,0,1.35,0,1.35,0,-0.000236,1.35,1.35,1.35,0,1
grid_753_with_tail.scene,56,"w1351_jiehun_glangan_002.mesh",-0.000236,0,-1.35,0,1.35,0,1.35,0,-0.000236,1.35,1.35,1.35,0,1
grid_753_with_tail.scene,57,"w1351_jiehun_glangan_002.mesh",0.000235,0,1.35,0,1.35,0,-1.35,0,0.000235,1.35,1.35,1.35,0,1
grid_753_with_tail.scene,58,"w1351_jiehun_glangan_002.mesh",0.000235,0,1.35,0,1.35,0,-1.35,0,0.000235,1.35,1.35,1.35,0,1
grid_753_with_tail.scene,59,"w1351_jiehun_glangan_002.mesh",-0.000236,0,-1.35,0,1.35,0,1.35,0,-0.000236,1.35,1.35,1.35,0,1
grid_753_with_tail.scene,60,"w1351_jiehun_glangan_002.mesh",-0.000236,0,-1.35,0,1.35,0,1.35,0,-0.000236,1.35,1.35,1.35,0,1
grid_753_with_tail.scene,61,"w1351_jiehun_glangan_002.mesh",0.000244,0,1.35,0,1.35,0,-1.4,0,0.000235,1.35,1.35,1.4,0,0
grid_753_with_tail.scene,62,"w1351_jiehun_glangan_002.mesh",1.35,0,0,0,1.35,0,0,0,1.35,1.35,1.35,1.35,0,1
grid_753_with_tail.scene,63,"w1351_jiehun_glangan_002.mesh",1.35,0,0,0,1.35,0,0,0,1.35,1.35,1.35,1.35,0,1
grid_753_with_tail.scene,64,"w1351_jiehun_glangan_002.mesh",0.000244,0,1.35,0,1.35,0,-1.4,0,0.000235,1.35,1.35,1.4,0,0
grid_753_with_tail.scene,65,"w1351_jiehun_glangan_002.mesh",0.000244,0,1.35,0,1.35,0,-1.4,0,0.000235,1.35,1.35,1.4,0,0
grid_753_with_tail.scene,66,"w1351_jiehun_glangan_002.mesh",0.000253,0,1.35,0,1.35,0,-1.45,0,0.000235,1.35,1.35,1.45,0,0
grid_753_with_tail.scene,67,"w1351_jiehun_glangan_002.mesh",0.000244,0,1.35,0,1.35,0,-1.4,0,0.000235,1.35,1.35,1.4,0,0
grid_753_with_tail.scene,68,"w1351_jiehun_glangan_002.mesh",-1.35,0,0,0,1.35,0,0,0,-1.35,1.35,1.35,1.35,0,1
grid_753_with_tail.scene,69,"w1351_jiehun_glangan_002.mesh",1.35,0,0,0,1.35,0,0,0,1.35,1.35,1.35,1.35,0,1
grid_753_with_tail.scene,70,"w1351_jiehun_glangan_002.mesh",1.35,0,0,0,1.35,0,0,0,1.35,1.35,1.35,1.35,0,1
grid_753_with_tail.scene,71,"w1351_jiehun_glangan_002.mesh",-1.35,0,0,0,1.35,0,0,0,-1.35,1.35,1.35,1.35,0,1
grid_753_with_tail.scene,72,"w1351_jiehun_glangan_002.mesh",-1.35,0,0,0,1.35,0,0,0,-1.35,1.35,1.35,1.35,0,1
grid_753_with_tail.scene,73,"w1351_jiehun_glangan_002.mesh",0.000253,0,1.35,0,1.35,0,-1.45,0,0.000235,1.35,1.35,1.45,0,0
grid_753_with_tail.scene,74,"w1351_jiehun_glangan_002.mesh",0.000244,0,1.35,0,1.35,0,-1.4,0,0.000235,1.35,1.35,1.4,0,0
grid_753_with_tail.scene,75,"w1351_jiehun_glangan_002.mesh",-0.000236,0,-1.35,0,1.35,0,1.35,0,-0.000236,1.35,1.35,1.35,0,1
grid_753_with_tail.scene,76,"w1351_jiehun_glangan_002.mesh",-0.000236,0,-1.35,0,1.35,0,1.35,0,-0.000236,1.35,1.35,1.35,0,1
grid_753_with_tail.scene,77,"w1351_jiehun_glangan_002.mesh",0.000253,0,1.35,0,1.35,0,-1.45,0,0.000235,1.35,1.35,1.45,0,0
grid_753_with_tail.scene,78,"w1351_jiehun_glangan_002.mesh",0.000235,0,1.35,0,1.35,0,-1.35,0,0.000235,1.35,1.35,1.35,0,1
grid_753_with_tail.scene,79,"w1351_jiehun_glangan_002.mesh",0.000235,0,1.35,0,1.35,0,-1.35,0,0.000235,1.35,1.35,1.35,0,1
grid_753_with_tail.scene,80,"w1351_jiehun_glangan_002.mesh",0.000235,0,1.35,0,1.35,0,-1.35,0,0.000235,1.35,1.35,1.35,0,1
grid_753_with_tail.scene,81,"w1351_jiehun_glangan_002.mesh",0.000235,0,1.35,0,1.35,0,-1.35,0,0.000235,1.35,1.35,1.35,0,1
grid_753_with_tail.scene,82,"w1351_jiehun_glangan_003.mesh",1.3525,0,0,0,1.3525,0,0,0,1.3525,1.3525,1.3525,1.3525,0,1
grid_753_with_tail.scene,83,"w1351_jiehun_glangan_003.mesh",1.3525,0,0,0,1.3525,0,0,0,1.3525,1.3525,1.3525,1.3525,0,1
grid_753_with_tail.scene,84,"w1351_jiehun_glangan_003.mesh",1.3525,0,0,0,1.3525,0,0,0,1.3525,1.3525,1.3525,1.3525,0,1
grid_753_with_tail.scene,85,"w1351_jiehun_glangan_004.mesh",-0.000236,0,-1.3525,0,1.3525,0,1.3525,0,-0.000236,1.3525,1.3525,1.3525,0,1
grid_753_with_tail.scene,86,"w1351_jiehun_hongseyanhua_001.mesh",0.445,0,0,0,0.445,0,0,0,0.445,0.445,0.445,0.445,0,1
grid_753_with_tail.scene,87,"w1351_jiehun_hongseyanhua_001.mesh",-0.423816,0,0.135665,0,0.445,0,-0.135665,0,-0.423816,0.445,0.445,0.445,0,1
grid_753_with_tail.scene,88,"w1351_jiehun_hongseyanhua_002.mesh",0.447501,0,0,0,0.447501,0,0,0,0.447501,0.4475,0.4475,0.4475,0,1
grid_753_with_tail.scene,89,"w1351_jiehun_hongseyanhua_002.mesh",0.447501,0,0,0,0.447501,0,0,0,0.447501,0.4475,0.4475,0.4475,0,1
grid_753_with_tail.scene,90,"w1351_jiehun_hongseyanhua_003.mesh",0.452501,0,0,0,0.452501,0,0,0,0.452501,0.4525,0.4525,0.4525,0,1
grid_753_with_tail.scene,91,"w1351_jiehun_huapen_001.mesh",1.15,0,0,0,1.15,0,0,0,1.15,1.15,1.15,1.15,0,1
grid_753_with_tail.scene,92,"w1351_jiehun_huapen_001.mesh",1.15,0,0,0,1.15,0,0,0,1.15,1.15,1.15,1.15,0,1
grid_753_with_tail.scene,93,"w1351_jiehun_huapen_001.mesh",1.1475,0,0,0,1.1475,0,0,0,1.1475,1.1475,1.1475,1.1475,0,1
grid_753_with_tail.scene,94,"w1351_jiehun_huapen_001.mesh",1.1475,0,0,0,1.1475,0,0,0,1.1475,1.1475,1.1475,1.1475,0,1
grid_753_with_tail.scene,95,"w1351_jiehun_huapen_001.mesh",1.145,0,0,0,1.145,0,0,0,1.145,1.145,1.145,1.145,0,1
grid_753_with_tail.scene,96,"w1351_jiehun_huapen_001.mesh",1.1525,0,0,0,1.1525,0,0,0,1.1525,1.1525,1.1525,1.1525,0,1
grid_753_with_tail.scene,97,"w1351_jiehun_huapen_002.mesh",1.15,0,0,0,1.15,0,0,0,1.15,1.15,1.15,1.15,0,1
grid_753_with_tail.scene,98,"w1351_jiehun_huapen_002.mesh",1.15,0,0,0,1.15,0,0,0,1.15,1.15,1.15,1.15,0,1
grid_753_with_tail.scene,99,"w1351_jiehun_huapen_002.mesh",1.1475,0,0,0,1.1475,0,0,0,1.1475,1.1475,1.1475,1.1475,0,1
grid_753_with_tail.scene,100,"w1351_jiehun_huapen_002.mesh",1.15,0,0,0,1.15,0,0,0,1.15,1.15,1.15,1.15,0,1
grid_753_with_tail.scene,101,"w1351_jiehun_huapen_002.mesh",1.1525,0,0,0,1.1525,0,0,0,1.1525,1.1525,1.1525,1.1525,0,1
grid_753_with_tail.scene,102,"w1351_jiehun_hunlidiaodeng_001.mesh",0.650001,0,0,0,0.650001,0,0,0,0.650001,0.65,0.65,0.65,0,1
grid_753_with_tail.scene,103,"w1351_jiehun_hunlidiaodeng_001.mesh",0.650001,0,0,0,0.650001,0,0,0,0.650001,0.65,0.65,0.65,0,1
grid_753_with_tail.scene,104,"w1351_jiehun_hunlidiaodeng_001.mesh",0.650001,0,0,0,0.650001,0,0,0,0.650001,0.65,0.65,0.65,0,1
grid_753_with_tail.scene,105,"w1351_jiehun_hunlidiaodeng_001.mesh",0.650001,0,0,0,0.650001,0,0,0,0.650001,0.65,0.65,0.65,0,1
grid_753_with_tail.scene,106,"w1351_jiehun_jiehuntaitaijie_001.mesh",-0.000175,0,-1,0,1,0,1,0,-0.000175,1,1,1,0,1
grid_753_with_tail.scene,107,"w1351_jiehun_jiehuntaitaijie_001.mesh",1,0,0,0,1,0,0,0,1,1,1,1,0,1
grid_753_with_tail.scene,108,"w1351_jiehun_jiuzhuoditan_001.mesh",1.5025,0,0,0,1.5025,0,0,0,1.5025,1.5025,1.5025,1.5025,0,1
grid_753_with_tail.scene,109,"w1351_jiehun_jiuzhuoditan_001.mesh",1.5025,0,0,0,1.5025,0,0,0,1.5025,1.5025,1.5025,1.5025,0,1
grid_753_with_tail.scene,110,"w1351_jiehun_penzaixiqing_002.mesh",-0.000175,0,-1,0,1,0,1,0,-0.000175,1,1,1,0,1
grid_753_with_tail.scene,111,"w1351_jiehun_penzaixiqing_002.mesh",-0.000175,0,-1,0,1,0,1,0,-0.000175,1,1,1,0,1
grid_753_with_tail.scene,112,"w1351_jiehun_qiangmian_001.mesh",-0.000175,0,-1,0,0.75,0,1,0,-0.000175,1,0.75,1,0,0
grid_753_with_tail.scene,113,"w1351_jiehun_qiangmian_001.mesh",-1,0,0,0,0.75,0,0,0,-1,1,0.75,1,0,0
grid_753_with_tail.scene,114,"w1351_jiehun_qiangmian_001.mesh",-1,0,0,0,1,0,0,0,-1,1,1,1,0,1
grid_753_with_tail.scene,115,"w1351_jiehun_qiangmian_002.mesh",-0.000175,0,-1,0,0.75,0,1,0,-0.000175,1,0.75,1,0,0
grid_753_with_tail.scene,116,"w1351_jiehun_qiangmian_002.mesh",-1,0,0,0,0.75,0,0,0,-1,1,0.75,1,0,0
grid_753_with_tail.scene,117,"w1351_jiehun_qiangmian_002.mesh",-0.000175,0,-1,0,0.75,0,1,0,-0.000175,1,0.75,1,0,0
grid_753_with_tail.scene,118,"w1351_jiehun_qiangmian_002.mesh",-0.000175,0,-1,0,1,0,1,0,-0.000175,1,1,1,0,1
grid_753_with_tail.scene,119,"w1351_jiehun_qiangmian_002.mesh",0.000174,0,1,0,1,0,-1,0,0.000174,1,1,1,0,1
grid_753_with_tail.scene,120,"w1351_jiehun_qiangmian_002.mesh",-1,0,0,0,0.75,0,0,0,-1,1,0.75,1,0,0
grid_753_with_tail.scene,121,"w1351_jiehun_qiangmian_002.mesh",0.000176,0,1,0,0.75,0,-1.01,0,0.000174,1,0.75,1.01,0,0
grid_753_with_tail.scene,122,"w1351_jiehun_qiangmian_002.mesh",0.000174,0,1,0,0.75,0,-1,0,0.000174,1,0.75,1,0,0
grid_753_with_tail.scene,123,"w1351_jiehun_qiangmian_002.mesh",-0.000175,0,-1,0,1,0,1,0,-0.000175,1,1,1,0,1
grid_753_with_tail.scene,124,"w1351_jiehun_qiangmian_002.mesh",0.000174,0,1,0,1,0,-1,0,0.000174,1,1,1,0,1
grid_753_with_tail.scene,125,"w1351_jiehun_qiangmian_002.mesh",0.000174,0,1,0,1,0,-1,0,0.000174,1,1,1,0,1
grid_753_with_tail.scene,126,"w1351_jiehun_qiangmian_002.mesh",0.000178,0,1,0,1,0,-1.02,0,0.000174,1,1,1.02,0,0
grid_753_with_tail.scene,127,"w1351_jiehun_xianglu_001.mesh",1,0,0,0,1,0,0,0,1,1,1,1,0,1
grid_753_with_tail.scene,128,"w1351_jiehun_xindujuanhua_001.mesh",0.847499,0,0,0,0.847499,0,0,0,0.847499,0.8475,0.8475,0.8475,0,1
grid_753_with_tail.scene,129,"w1351_jiehun_xindujuanhua_001.mesh",0.8525,0,0,0,0.8525,0,0,0,0.8525,0.8525,0.8525,0.8525,0,1
grid_753_with_tail.scene,130,"w1351_jiehun_xindujuanhua_001.mesh",0.8525,0,0,0,0.8525,0,0,0,0.8525,0.8525,0.8525,0.8525,0,1
grid_753_with_tail.scene,131,"w1351_jiehun_xizidenglongchang_001.mesh",-0.000349,0,-2.00001,0,2.00001,0,2.00001,0,-0.000349,2,2,2,0,1
grid_753_with_tail.scene,132,"w1351_jiehun_xizidenglongchang_001.mesh",-0.000349,0,-2.00001,0,2.00001,0,2.00001,0,-0.000349,2,2,2,0,1
grid_753_with_tail.scene,133,"w1351_jiehun_xizidenglongchang_001.mesh",-0.000349,0,-2.00001,0,2.00001,0,2.00001,0,-0.000349,2,2,2,0,1
grid_753_with_tail.scene,134,"w1351_jiehun_xizidenglongchang_001.mesh",-0.000349,0,-2.00001,0,2.00001,0,2.00001,0,-0.000349,2,2,2,0,1
grid_753_with_tail.scene,135,"w1351_jiehun_xizidenglongchang_001.mesh",-0.000349,0,-2.00001,0,2.00001,0,2.00001,0,-0.000349,2,2,2,0,1
grid_753_with_tail.scene,136,"w1351_jiehun_xizidenglongchang_001.mesh",2.00001,0,0,0,2.00001,0,0,0,2.00001,2,2,2,0,1
grid_753_with_tail.scene,137,"w1351_jiehun_yanhuabaozhu_001t.mesh",1.3525,0,0,0,1.3525,0,0,0,1.3525,1.3525,1.3525,1.3525,0,1
grid_753_with_tail.scene,138,"w1351_jiehun_yanhuasuixie_001.mesh",1,0,0,0,1,0,0,0,1,1,1,1,0,1
grid_753_with_tail.scene,139,"w1351_jiehun_yanhuasuixie_001.mesh",1,0,0,0,1,0,0,0,1,1,1,1,0,1
grid_753_with_tail.scene,140,"w1351_jiehun_yanhuasuixie_001.mesh",1,0,0,0,1,0,0,0,1,1,1,1,0,1
grid_753_with_tail.scene,141,"w1351_jiehun_yanhuasuixie_001.mesh",1,0,0,0,1,0,0,0,1,1,1,1,0,1
grid_753_with_tail.scene,142,"w1351_jiehun_yanhuasuixie_001.mesh",1,0,0,0,1,0,0,0,1,1,1,1,0,1
grid_753_with_tail.scene,143,"w1351_jiehun_yanhuasuixie_001.mesh",1,0,0,0,1,0,0,0,1,1,1,1,0,1
grid_753_with_tail.scene,144,"w1351_jiehun_yanhuasuixie_001.mesh",1,0,0,0,1,0,0,0,1,1,1,1,0,1
grid_753_with_tail.scene,145,"w1351_jiehun_yuanmuzhuog_001.mesh",1.1475,0,0,0,1.1475,0,0,0,1.1475,1.1475,1.1475,1.1475,0,1
grid_753_with_tail.scene,146,"w1351_jiehun_yuanmuzhuog_001.mesh",1.1475,0,0,0,1.1475,0,0,0,1.1475,1.1475,1.1475,1.1475,0,1
grid_753_with_tail.scene,147,"w1351_jiehun_zhiqiaoditan_001.mesh",1.35,0,0,0,1.35,0,0,0,1.35,1.35,1.35,1.35,0,1
grid_753_with_tail.scene,148,"w1351_jiehun_zhiqiaoditan_001.mesh",1.35,0,0,0,1.35,0,0,0,1.35,1.35,1.35,1.35,0,1
grid_753_with_tail.scene,149,"w1351_jiehun_zhiqiaoditan_001.mesh",1.35,0,0,0,1.35,0,0,0,1.35,1.35,1.35,1.35,0,1
grid_753_with_tail.scene,150,"w1351_jiehun_zhiqiaoditan_001.mesh",1.35,0,0,0,1.35,0,0,0,1.35,1.35,1.35,1.35,0,1
grid_753_with_tail.scene,151,"w1351_jiehun_zhiqiaoditan_001.mesh",1.35,0,0,0,1.35,0,0,0,1.35,1.35,1.35,1.35,0,1
grid_753_with_tail.scene,152,"w1351_jiehun_zhiqiaoditan_001.mesh",1.35,0,0,0,1.35,0,0,0,1.35,1.35,1.35,1.35,0,1
grid_753_with_tail.scene,153,"w1351_jiehun_zhiqiaoditan_001.mesh",1.35,0,0,0,1.35,0,0,0,1.35,1.35,1.35,1.35,0,1
grid_753_with_tail.scene,154,"w1351_jiehun_zhiqiaoditan_001.mesh",1.35,0,0,0,1.35,0,0,0,1.35,1.35,1.35,1.35,0,1
grid_753_with_tail.scene,155,"w1351_mj_chushuikou_001.mesh",-0.000113,0,-0.647501,0,0.647501,0,0.647501,0,-0.000113,0.6475,0.6475,0.6475,0,1
grid_753_with_tail.scene,156,"w1351_mj_chushuikou_001.mesh",-0.000113,0,-0.645001,0,0.645001,0,0.645001,0,-0.000113,0.645,0.645,0.645,0,1
grid_753_with_tail.scene,157,"w1351_qz_huapengpingjie_001.mesh",0.847501,0,0,0,0.847501,0,0,0,0.847501,0.8475,0.8475,0.8475,0,1
grid_753_with_tail.scene,158,"w1351_qz_huapengpingjie_001.mesh",0.847501,0,0,0,0.847501,0,0,0,0.847501,0.8475,0.8475,0.8475,0,1
grid_753_with_tail.scene,159,"w1351_qz_huapengpingjie_001.mesh",0.847501,0,0,0,0.847501,0,0,0,0.847501,0.8475,0.8475,0.8475,0,1
grid_753_with_tail.scene,160,"w1351_st_gaodian_001.mesh",1,0,0,0,1,0,0,0,1,1,1,1,0,1
grid_753_with_tail.scene,161,"w1351_st_gaodian_001.mesh",1,0,0,0,1,0,0,0,1,1,1,1,0,1
grid_753_with_tail.scene,162,"w1351_st_gaodian_002.mesh",1,0,0,0,1,0,0,0,1,1,1,1,0,1
grid_753_with_tail.scene,163,"w1351_st_gaodian_002.mesh",1,0,0,0,1,0,0,0,1,1,1,1,0,1
grid_753_with_tail.scene,164,"w1351_st_gaodian_004.mesh",1.15,0,0,0,1.15,0,0,0,1.15,1.15,1.15,1.15,0,1
grid_753_with_tail.scene,165,"w1351_st_gaodian_004.mesh",1.15,0,0,0,1.15,0,0,0,1.15,1.15,1.15,1.15,0,1
grid_753_with_tail.scene,166,"w1351_st_gaodian_005.mesh",1,0,0,0,1,0,0,0,1,1,1,1,0,1
grid_753_with_tail.scene,167,"w1351_st_gaodian_005.mesh",1,0,0,0,1,0,0,0,1,1,1,1,0,1
grid_753_with_tail.scene,168,"w1351_st_gongdeng_001.mesh",1.1525,0,0,0,1.1525,0,0,0,1.1525,1.1525,1.1525,1.1525,0,1
grid_753_with_tail.scene,169,"w1351_st_gongdeng_001.mesh",1.15,0,0,0,1.15,0,0,0,1.15,1.15,1.15,1.15,0,1
grid_753_with_tail.scene,170,"w1351_st_gongdeng_001.mesh",1.1475,0,0,0,1.1475,0,0,0,1.1475,1.1475,1.1475,1.1475,0,1
grid_753_with_tail.scene,171,"w1351_st_gongdeng_001.mesh",1.15,0,0,0,1.15,0,0,0,1.15,1.15,1.15,1.15,0,1
grid_753_with_tail.scene,172,"w1351_st_huoguoyu_001.mesh",1.15,0,0,0,1.15,0,0,0,1.15,1.15,1.15,1.15,0,1
grid_753_with_tail.scene,173,"w1351_st_huoguoyu_001.mesh",1.15,0,0,0,1.15,0,0,0,1.15,1.15,1.15,1.15,0,1
grid_753_with_tail.scene,174,"w1351_st_huoguoyu_002.mesh",1,0,0,0,1,0,0,0,1,1,1,1,0,1
grid_753_with_tail.scene,175,"w1351_st_huoguoyu_002.mesh",1,0,0,0,1,0,0,0,1,1,1,1,0,1
grid_753_with_tail.scene,176,"w1351_st_huoguoyu_003.mesh",1,0,0,0,1,0,0,0,1,1,1,1,0,1
grid_753_with_tail.scene,177,"w1351_st_huoguoyu_003.mesh",1,0,0,0,1,0,0,0,1,1,1,1,0,1
grid_753_with_tail.scene,178,"w1351_st_huoguoyu_003.mesh",1,0,0,0,1,0,0,0,1,1,1,1,0,1
grid_753_with_tail.scene,179,"w1351_st_huoguoyu_003.mesh",1,0,0,0,1,0,0,0,1,1,1,1,0,1
grid_753_with_tail.scene,180,"w1351_st_huoguoyu_003.mesh",1,0,0,0,1,0,0,0,1,1,1,1,0,1
grid_753_with_tail.scene,181,"w1351_st_huoguoyu_003.mesh",1,0,0,0,1,0,0,0,1,1,1,1,0,1
grid_753_with_tail.scene,182,"w1351_st_huoguoyu_003.mesh",1,0,0,0,1,0,0,0,1,1,1,1,0,1
grid_753_with_tail.scene,183,"w1351_st_huoguoyu_003.mesh",1,0,0,0,1,0,0,0,1,1,1,1,0,1
grid_753_with_tail.scene,184,"w1351_st_huoguoyu_003.mesh",1,0,0,0,1,0,0,0,1,1,1,1,0,1
grid_753_with_tail.scene,185,"w1351_st_huoguoyu_003.mesh",1,0,0,0,1,0,0,0,1,1,1,1,0,1
grid_753_with_tail.scene,186,"w1351_st_huoguoyu_003.mesh",1,0,0,0,1,0,0,0,1,1,1,1,0,1
grid_753_with_tail.scene,187,"w1351_st_huoguoyu_003.mesh",1,0,0,0,1,0,0,0,1,1,1,1,0,1
grid_753_with_tail.scene,188,"w1351_st_huoguoyu_004.mesh",1,0,0,0,1,0,0,0,1,1,1,1,0,1
grid_753_with_tail.scene,189,"w1351_st_huoguoyu_004.mesh",1,0,0,0,1,0,0,0,1,1,1,1,0,1
grid_753_with_tail.scene,190,"w1351_st_huoguoyu_005.mesh",-0.065197,0,-1.14815,0,1.15,0,1.14815,0,-0.065197,1.15,1.15,1.15,0,1
grid_753_with_tail.scene,191,"w1351_st_huoguoyu_005.mesh",-0.065197,0,-1.14815,0,1.15,0,1.14815,0,-0.065197,1.15,1.15,1.15,0,1
grid_753_with_tail.scene,192,"w1351_st_huoguoyu_006.mesh",1,0,0,0,1,0,0,0,1,1,1,1,0,1
grid_753_with_tail.scene,193,"w1351_st_pzyingkesong_001.mesh",2.15,0,0,0,2.15,0,0,0,2.15,2.15,2.15,2.15,0,1
grid_753_with_tail.scene,194,"w1351_st_pzyingkesong_001.mesh",2.1525,0,0,0,2.1525,0,0,0,2.1525,2.1525,2.1525,2.1525,0,1
grid_753_with_tail.scene,195,"w1351_st_shaoji_003.mesh",1,0,0,0,1,0,0,0,1,1,1,1,0,1
grid_753_with_tail.scene,196,"w1351_st_shaoji_003.mesh",1,0,0,0,1,0,0,0,1,1,1,1,0,1
grid_753_with_tail.scene,197,"w1351_st_shaoji_004.mesh",1,0,0,0,1,0,0,0,1,1,1,1,0,1
grid_753_with_tail.scene,198,"w1351_st_shaoji_004.mesh",1,0,0,0,1,0,0,0,1,1,1,1,0,1
grid_753_with_tail.scene,199,"w1351_st_shaoji_005.mesh",1,0,0,0,1,0,0,0,1,1,1,1,0,1
grid_753_with_tail.scene,200,"w1351_st_shaoji_005.mesh",1,0,0,0,1,0,0,0,1,1,1,1,0,1
grid_753_with_tail.scene,201,"w1351_st_shaoji_006.mesh",1,0,0,0,1,0,0,0,1,1,1,1,0,1
grid_753_with_tail.scene,202,"w1351_st_shaoji_006.mesh",1,0,0,0,1,0,0,0,1,1,1,1,0,1
grid_753_with_tail.scene,203,"w1351_yh_jiazishengzichang_001.mesh",-0.000301,0,-1.7225,0,0.520003,0,1.7225,0,-0.000301,1.7225,0.52,1.7225,0,0
grid_753_with_tail.scene,204,"w1351_scene_cangjingge_youdeng01.pu",1,0,0,0,1,0,0,0,1,1,1,1,0,1
